id,name,description
1,Apple iPhone 15,Latest Apple smartphone with A17 chip and improved camera performance
2,Samsung Galaxy S23,Flagship Android smartphone with Snapdragon processor
3,Sony WH-1000XM5,Noise cancelling wireless headphones with premium sound
4,Nike Air Max 270,Comfortable and stylish sports sneakers for daily wear
5,Adidas Ultraboost,High-performance running shoes with Boost cushioning
6,Puma Sports T-shirt,Breathable and lightweight t-shirt for workouts
7,Levi’s Jeans,Classic slim fit denim jeans for casual wear
8,Under Armour Hoodie,Warm and cozy hoodie for winter and workouts
9,Apple MacBook Air,Lightweight laptop with M2 chip for productivity
10,Logitech MX Master 3,Ergonomic wireless mouse with fast scrolling
